class	comparator	n_TFs_used	effect_median_unpaired	effect_mean_unpaired	effect_median_paired	effect_mean_paired	p_mwu	p_wilcoxon	p_signflip_median	p_signflip_mean	q_mwu_bh	q_wilcoxon_bh	q_signflip_median_bh	q_signflip_mean_bh
TF	RBP	1439	-11.998361998361997	-7.964470398376594	-7.865168539325847	-7.964470398376595	6.711152634241654e-29	4.8501688617625515e-23	0.0001999600079984003	0.0001999600079984003	6.711152634241654e-29	4.8501688617625515e-23	0.0001999600079984003	0.0001999600079984003
PME	RBP	1439	-21.60875160875161	-18.644578930112566	-16.049382716049383	-18.644578930112566	2.454864846790986e-132	1.9725730268875325e-120	0.0001999600079984003	0.0001999600079984003	3.682297270186479e-132	2.9588595403312988e-120	0.0001999600079984003	0.0001999600079984003
Random	RBP	1439	-22.487872487872487	-21.967618589121336	-19.51219512195122	-21.967618589121333	5.771494417061605e-176	1.3542871650617432e-133	0.0001999600079984003	0.0001999600079984003	1.7314483251184816e-175	4.06286149518523e-133	0.0001999600079984003	0.0001999600079984003
